{
  "contexts" : [ {
    "contexts" : [ ],
    "scheduledJobs" : [ {
      "agentName" : "scheduler-agent",
      "jobName" : "SampleCommandExecutionJob2",
      "jobDescription" : "This is a simple script to demonstrate how command execution jobs work.",
      "childContextNames" : [ ],
      "startupControlType" : "AUTOMATIC",
      "skippedContexts" : { },
      "heldContexts" : { },
      "identifier" : "scheduler-agent-SampleCommandExecutionJob2"
    }, {
      "agentName" : "scheduler-agent",
      "jobName" : "SampleCommandExecutionJob3",
      "jobDescription" : "This is a simple script to demonstrate how command execution jobs work.",
      "childContextNames" : [ ],
      "startupControlType" : "AUTOMATIC",
      "skippedContexts" : { },
      "heldContexts" : { },
      "identifier" : "scheduler-agent-SampleCommandExecutionJob3"
    }, {
      "agentName" : "scheduler-agent",
      "jobName" : "SampleCommandExecutionJob4",
      "jobDescription" : "This is a simple script to demonstrate how command execution jobs work.",
      "childContextNames" : [ ],
      "startupControlType" : "AUTOMATIC",
      "skippedContexts" : { },
      "heldContexts" : { },
      "identifier" : "scheduler-agent-SampleCommandExecutionJob4"
    }, {
      "agentName" : "scheduler-agent",
      "jobName" : "SampleCommandExecutionJob6",
      "jobDescription" : "This is a simple script to demonstrate how command execution jobs work.",
      "childContextNames" : [ ],
      "startupControlType" : "AUTOMATIC",
      "skippedContexts" : { },
      "heldContexts" : { },
      "identifier" : "scheduler-agent-SampleCommandExecutionJob6"
    }, {
      "agentName" : "scheduler-agent",
      "jobName" : "SampleCommandExecutionJob7",
      "jobDescription" : "This is a simple script to demonstrate how command execution jobs work.",
      "childContextNames" : [ ],
      "startupControlType" : "AUTOMATIC",
      "skippedContexts" : { },
      "heldContexts" : { },
      "identifier" : "scheduler-agent-SampleCommandExecutionJob7"
    }, {
      "agentName" : "scheduler-agent",
      "jobName" : "FileWatcherJob1",
      "jobDescription" : "This is a file watcher job looking for a file on the file system.",
      "childContextNames" : [ ],
      "startupControlType" : "AUTOMATIC",
      "skippedContexts" : { },
      "heldContexts" : { },
      "identifier" : "scheduler-agent-FileWatcherJob1"
    }, {
      "agentName" : "scheduler-agent",
      "jobName" : "SampleCommandExecutionJob1",
      "jobDescription" : "This is a simple script to demonstrate how command execution jobs work.",
      "childContextNames" : [ ],
      "startupControlType" : "AUTOMATIC",
      "skippedContexts" : { },
      "heldContexts" : { },
      "identifier" : "scheduler-agent-SampleCommandExecutionJob1"
    } ],
    "jobLocks" : [ ],
    "name" : "ScriptProcessingContext",
    "description" : "This context demonstrates executing some command execution jobs along with a file job",
    "jobDependencies" : [ {
      "jobIdentifier" : "scheduler-agent-SampleCommandExecutionJob2",
      "logicalGrouping" : {
        "and" : [ {
          "identifier" : "scheduler-agent-SampleCommandExecutionJob1"
        } ]
      }
    }, {
      "jobIdentifier" : "scheduler-agent-SampleCommandExecutionJob7",
      "logicalGrouping" : {
        "and" : [ {
          "identifier" : "scheduler-agent-SampleCommandExecutionJob1"
        } ]
      }
    }, {
      "jobIdentifier" : "scheduler-agent-SampleCommandExecutionJob3",
      "logicalGrouping" : {
        "and" : [ {
          "identifier" : "scheduler-agent-SampleCommandExecutionJob2"
        }, {
          "identifier" : "scheduler-agent-SampleCommandExecutionJob7"
        }, {
          "identifier" : "scheduler-agent-FileWatcherJob1"
        } ]
      }
    }, {
      "jobIdentifier" : "scheduler-agent-SampleCommandExecutionJob4",
      "logicalGrouping" : {
        "and" : [ {
          "identifier" : "scheduler-agent-SampleCommandExecutionJob3"
        } ]
      }
    }, {
      "jobIdentifier" : "scheduler-agent-SampleCommandExecutionJob4",
      "logicalGrouping" : {
        "and" : [ {
          "identifier" : "scheduler-agent-SampleCommandExecutionJob3"
        } ]
      }
    }, {
      "jobIdentifier" : "scheduler-agent-SampleCommandExecutionJob6",
      "logicalGrouping" : {
        "and" : [ {
          "identifier" : "scheduler-agent-SampleCommandExecutionJob4"
        } ]
      }
    } ],
    "contextDependencies" : [ ],
    "contextParameters" : [ ],
    "contextTtlMilliseconds" : 0,
    "treeViewExpandLevel" : 1,
    "ableToRunConcurrently" : true,
    "disabled" : false,
    "quartzScheduleDrivenJobsDisabledForContext" : false
  }, {
    "contexts" : [ ],
    "scheduledJobs" : [ {
      "agentName" : "GLOBAL_EVENT",
      "jobName" : "GlobalEventJob1",
      "jobDescription" : "This is a sample global job!",
      "childContextNames" : [ ],
      "startupControlType" : "AUTOMATIC",
      "skippedContexts" : { },
      "heldContexts" : { },
      "identifier" : "GLOBAL_EVENT-GlobalEventJob1"
    }, {
      "agentName" : "scheduler-agent",
      "jobName" : "SampleCommandExecutionJob6",
      "jobDescription" : "This is a simple script to demonstrate how command execution jobs work.",
      "childContextNames" : [ ],
      "startupControlType" : "AUTOMATIC",
      "skippedContexts" : { },
      "heldContexts" : { },
      "identifier" : "scheduler-agent-SampleCommandExecutionJob6"
    } ],
    "jobLocks" : [ ],
    "name" : "MyGlobalEventContext",
    "description" : "This is a sample context template that executes a Global Event Job after all upstream jobs are complete.",
    "jobDependencies" : [ {
      "jobIdentifier" : "GLOBAL_EVENT-GlobalEventJob1",
      "logicalGrouping" : {
        "and" : [ {
          "identifier" : "scheduler-agent-SampleCommandExecutionJob6"
        } ]
      }
    } ],
    "contextDependencies" : [ ],
    "contextParameters" : [ ],
    "timeWindowStart" : "* * 1 ? * * *",
    "contextTtlMilliseconds" : 82800000,
    "treeViewExpandLevel" : 1,
    "ableToRunConcurrently" : true,
    "disabled" : false,
    "quartzScheduleDrivenJobsDisabledForContext" : false
  } ],
  "scheduledJobs" : [ {
    "agentName" : "scheduler-agent",
    "jobName" : "7amScheduledEvent",
    "jobDescription" : "This event fires at 7am Monday through Friday.",
    "childContextNames" : [ ],
    "startupControlType" : "AUTOMATIC",
    "skippedContexts" : { },
    "heldContexts" : { },
    "identifier" : "scheduler-agent-7amScheduledEvent"
  }, {
    "agentName" : "scheduler-agent",
    "jobName" : "SampleCommandExecutionJob1",
    "jobDescription" : "This is a simple script to demonstrate how command execution jobs work.",
    "childContextNames" : [ ],
    "startupControlType" : "AUTOMATIC",
    "skippedContexts" : { },
    "heldContexts" : { },
    "identifier" : "scheduler-agent-SampleCommandExecutionJob1"
  } ],
  "jobLocks" : [ {
    "name" : "MyFirstLock",
    "lockCount" : 1,
    "jobs" : {
      "ScriptProcessingContext" : [ {
        "agentName" : "scheduler-agent",
        "jobName" : "SampleCommandExecutionJob7",
        "contextName" : "MyFirstJobPlan",
        "startupControlType" : "AUTOMATIC",
        "lockCount" : 1,
        "identifier" : "scheduler-agent-SampleCommandExecutionJob7",
        "jobDescription" : "This is a simple script to demonstrate how command execution jobs work."
      }, {
        "agentName" : "scheduler-agent",
        "jobName" : "SampleCommandExecutionJob2",
        "contextName" : "MyFirstJobPlan",
        "startupControlType" : "AUTOMATIC",
        "lockCount" : 1,
        "identifier" : "scheduler-agent-SampleCommandExecutionJob2",
        "jobDescription" : "This is a simple script to demonstrate how command execution jobs work."
      } ]
    },
    "exclusiveJobLock" : false
  } ],
  "name" : "MyFirstJobPlan",
  "description" : "This is a sample context template used to demonstrate the builder classes associated with the Ikasan Enterprise Scheduler.",
  "jobDependencies" : [ {
    "jobIdentifier" : "scheduler-agent-7amScheduledEvent"
  }, {
    "jobIdentifier" : "scheduler-agent-SampleCommandExecutionJob1",
    "logicalGrouping" : {
      "and" : [ {
        "identifier" : "scheduler-agent-7amScheduledEvent"
      } ]
    }
  } ],
  "contextDependencies" : [ ],
  "contextParameters" : [ {
    "name" : "sample_param",
    "defaultValue" : "sample default value"
  } ],
  "timeWindowStart" : "0 0 1 ? * * *",
  "contextTtlMilliseconds" : 82800000,
  "treeViewExpandLevel" : 1,
  "ableToRunConcurrently" : true,
  "disabled" : false,
  "quartzScheduleDrivenJobsDisabledForContext" : false
}