{
  "agentName" : "scheduler-agent",
  "jobName" : "SampleCommandExecutionJob3",
  "jobDescription" : "This is a simple script to demonstrate how command execution jobs work.",
  "contextName" : "MyFirstJobPlan",
  "childContextNames" : [ "ScriptProcessingContext" ],
  "startupControlType" : "AUTOMATIC",
  "skippedContexts" : { },
  "heldContexts" : { },
  "commandLine" : "echo \"Running Job :- SampleCommandExecutionJob1\"\nls -la\nsleep 10\necho $sample_param",
  "minExecutionTime" : 10,
  "maxExecutionTime" : 1000000,
  "contextParameters" : [ {
    "name" : "sample_param",
    "defaultValue" : "sample default value"
  } ],
  "targetResidingContextOnly" : false,
  "participatesInLock" : false,
  "jobRepeatable" : false,
  "identifier" : "scheduler-agent-SampleCommandExecutionJob3"
}