{
  "agentName" : "[[agent.name]]",
  "jobName" : "7amScheduledEvent",
  "jobDescription" : "This event fires at 7am Monday through Friday.",
  "contextName" : "[[context.name]]",
  "childContextNames" : [ "MyFirstJobPlan" ],
  "startupControlType" : "AUTOMATIC",
  "skippedContexts" : { },
  "heldContexts" : { },
  "cronExpression" : "* * 7 ? * * *",
  "blackoutWindowCronExpressions" : [ ],
  "blackoutWindowDateTimeRanges" : { },
  "ignoreMisfire" : true,
  "eager" : false,
  "maxEagerCallbacks" : 0,
  "passthroughProperties" : { },
  "persistentRecovery" : true,
  "recoveryTolerance" : 1800000,
  "dropEventOnBlackout" : false,
  "identifier" : "[[agent.name]]-7amScheduledEvent"
}