{
  "agentName" : "scheduler-agent",
  "jobName" : "FileWatcherJob1",
  "jobDescription" : "This is a file watcher job looking for a file on the file system.",
  "contextName" : "MyFirstJobPlan",
  "childContextNames" : [ "ScriptProcessingContext" ],
  "startupControlType" : "AUTOMATIC",
  "skippedContexts" : { },
  "heldContexts" : { },
  "cronExpression" : "0 0/1 * * * ?",
  "blackoutWindowCronExpressions" : [ ],
  "blackoutWindowDateTimeRanges" : { },
  "ignoreMisfire" : true,
  "eager" : false,
  "maxEagerCallbacks" : 0,
  "passthroughProperties" : { },
  "persistentRecovery" : true,
  "recoveryTolerance" : 1800000,
  "filePath" : "the file path",
  "filenames" : [ "file.1.txt" ],
  "includeHeader" : false,
  "includeTrailer" : false,
  "sortByModifiedDateTime" : false,
  "sortAscending" : true,
  "directoryDepth" : 1,
  "logMatchedFilenames" : false,
  "ignoreFileRenameWhilstScanning" : true,
  "minFileAgeSeconds" : 30,
  "dropEventOnBlackout" : false,
  "identifier" : "scheduler-agent-FileWatcherJob1"
}